task,target,model,n_train,n_test,mae,rmse,r2
问题一_空间时滞温度预测,1#风箱平均温度,local_lag_Ridge,1937,485,3.3855827737029913,6.1246916217859475,0.07100677855564297
问题一_空间时滞温度预测,1#风箱平均温度,local_lag_GradientBoosting,1937,485,3.804721407554275,6.431976194739621,-0.02454950575298165
问题一_空间时滞温度预测,1#风箱平均温度,local_lag_RandomForest,1937,485,3.7783372546816523,6.6006158052076955,-0.07897902283896041
问题一_空间时滞温度预测,1#风箱平均温度,neighbor_lag_Ridge,1937,485,3.4159850025935374,6.279263217371943,0.02352423691632266
问题一_空间时滞温度预测,1#风箱平均温度,neighbor_lag_GradientBoosting,1937,485,3.87405437440677,6.3499697410788025,0.0014095624245898941
问题一_空间时滞温度预测,1#风箱平均温度,neighbor_lag_RandomForest,1937,485,3.9013426495487478,6.581257080240934,-0.07265930104113094
问题一_空间时滞温度预测,1#风箱平均温度,global_lag_Ridge,1937,485,4.577902883266484,7.88945149220366,-0.5414793526658153
问题一_空间时滞温度预测,1#风箱平均温度,global_lag_GradientBoosting,1937,485,3.672939297076752,6.276863810686557,0.02427034828362562
问题一_空间时滞温度预测,1#风箱平均温度,global_lag_RandomForest,1937,485,3.9253274986861872,6.749459354451114,-0.12818952758388757
问题一_空间时滞温度预测,1#风箱平均温度,state_neighbor_lag_Ridge,1937,485,0.8499889458213838,3.474435285022883,0.7010403714866495
问题一_空间时滞温度预测,1#风箱平均温度,state_neighbor_lag_GradientBoosting,1937,485,1.0693938672623733,4.367226087630374,0.5276592199146181
问题一_空间时滞温度预测,1#风箱平均温度,state_neighbor_lag_RandomForest,1937,485,1.053354780813521,4.544592140734314,0.48851380388847443
问题一_空间时滞温度预测,2#风箱平均温度,local_lag_Ridge,1937,485,3.7970173789768045,5.035313284415445,-0.5020133764952335
问题一_空间时滞温度预测,2#风箱平均温度,local_lag_GradientBoosting,1937,485,4.177104107096902,5.583291081633321,-0.846721255077598
问题一_空间时滞温度预测,2#风箱平均温度,local_lag_RandomForest,1937,485,4.22401157170933,5.639849742035276,-0.8843252802244164
问题一_空间时滞温度预测,2#风箱平均温度,neighbor_lag_Ridge,1937,485,3.8758256390382213,5.165342825764091,-0.5805895624997615
问题一_空间时滞温度预测,2#风箱平均温度,neighbor_lag_GradientBoosting,1937,485,4.194235903837979,5.5670498755832885,-0.8359930459366685
问题一_空间时滞温度预测,2#风箱平均温度,neighbor_lag_RandomForest,1937,485,4.216074633871241,5.47117368852817,-0.7732983576519723
问题一_空间时滞温度预测,2#风箱平均温度,global_lag_Ridge,1937,485,4.285431951005643,5.565321493608509,-0.8348531945768916
问题一_空间时滞温度预测,2#风箱平均温度,global_lag_GradientBoosting,1937,485,3.823018330672438,5.224804123922781,-0.6171892084234478
问题一_空间时滞温度预测,2#风箱平均温度,global_lag_RandomForest,1937,485,4.034763396316796,5.382606019852508,-0.7163505481773427
问题一_空间时滞温度预测,2#风箱平均温度,state_neighbor_lag_Ridge,1937,485,0.5554757130874424,1.2775430700337684,0.9033121488030837
问题一_空间时滞温度预测,2#风箱平均温度,state_neighbor_lag_GradientBoosting,1937,485,0.7542628488037078,1.9215395880738024,0.7812643957471165
问题一_空间时滞温度预测,2#风箱平均温度,state_neighbor_lag_RandomForest,1937,485,0.7387354068733946,1.9170570561971925,0.7822837301298707
问题一_空间时滞温度预测,3#风箱平均温度,local_lag_Ridge,1937,485,3.4624714872612645,4.066787077748013,-2.17251234751427
问题一_空间时滞温度预测,3#风箱平均温度,local_lag_GradientBoosting,1937,485,3.2216705899738223,4.007260648740315,-2.080318573502565
问题一_空间时滞温度预测,3#风箱平均温度,local_lag_RandomForest,1937,485,3.309037537000917,4.102833330599514,-2.2290011611722504
问题一_空间时滞温度预测,3#风箱平均温度,neighbor_lag_Ridge,1937,485,3.4172586208710114,4.042664703491055,-2.1349880994524013
问题一_空间时滞温度预测,3#风箱平均温度,neighbor_lag_GradientBoosting,1937,485,3.622462312949785,4.491183852438582,-2.86920837284215
问题一_空间时滞温度预测,3#风箱平均温度,neighbor_lag_RandomForest,1937,485,3.5509285307612277,4.398163228062899,-2.710591433738987
问题一_空间时滞温度预测,3#风箱平均温度,global_lag_Ridge,1937,485,3.6148859255867363,4.241195173568055,-2.4504597705054842
问题一_空间时滞温度预测,3#风箱平均温度,global_lag_GradientBoosting,1937,485,3.3684487839139656,4.016726440962139,-2.09488817387631
问题一_空间时滞温度预测,3#风箱平均温度,global_lag_RandomForest,1937,485,3.423537607187163,4.100950173391412,-2.226037686505189
问题一_空间时滞温度预测,3#风箱平均温度,state_neighbor_lag_Ridge,1937,485,0.3694728921773024,0.5892142350892434,0.9334041889458204
问题一_空间时滞温度预测,3#风箱平均温度,state_neighbor_lag_GradientBoosting,1937,485,0.5875764449066952,0.961627645666294,0.8226160458142611
问题一_空间时滞温度预测,3#风箱平均温度,state_neighbor_lag_RandomForest,1937,485,0.5741418758010564,0.9589243410104513,0.823611959065643
问题一_空间时滞温度预测,4#风箱平均温度,local_lag_Ridge,1937,485,2.76049547506432,3.373915363474483,-1.2451228625152293
问题一_空间时滞温度预测,4#风箱平均温度,local_lag_GradientBoosting,1937,485,2.7003772477826864,3.4643770798916727,-1.3671297191377167
问题一_空间时滞温度预测,4#风箱平均温度,local_lag_RandomForest,1937,485,2.721722889206634,3.4333030169463687,-1.324855768649713
问题一_空间时滞温度预测,4#风箱平均温度,neighbor_lag_Ridge,1937,485,2.7729678615798106,3.371607927768898,-1.2420530136168506
问题一_空间时滞温度预测,4#风箱平均温度,neighbor_lag_GradientBoosting,1937,485,2.9141740934902236,3.654692705164141,-1.6343500152774642
问题一_空间时滞温度预测,4#风箱平均温度,neighbor_lag_RandomForest,1937,485,3.0261705179009444,3.764966469718879,-1.7957219113187786
问题一_空间时滞温度预测,4#风箱平均温度,global_lag_Ridge,1937,485,3.055400293841998,3.886490911339808,-1.9791135547879577
问题一_空间时滞温度预测,4#风箱平均温度,global_lag_GradientBoosting,1937,485,2.770865828875691,3.359344547680861,-1.2257728615286565
问题一_空间时滞温度预测,4#风箱平均温度,global_lag_RandomForest,1937,485,2.8894828097442185,3.5177929326162065,-1.4406881285873552
问题一_空间时滞温度预测,4#风箱平均温度,state_neighbor_lag_Ridge,1937,485,0.3454687278622393,0.6425404883240068,0.9185721922370953
问题一_空间时滞温度预测,4#风箱平均温度,state_neighbor_lag_GradientBoosting,1937,485,0.5187683312334501,0.9302778557144997,0.8293143104549645
问题一_空间时滞温度预测,4#风箱平均温度,state_neighbor_lag_RandomForest,1937,485,0.5191057003754566,0.9309465239032999,0.8290688502232684
问题一_空间时滞温度预测,5#风箱平均温度,local_lag_Ridge,1937,485,9.215962977374923,11.511932773013855,-1.2564596546318296
问题一_空间时滞温度预测,5#风箱平均温度,local_lag_GradientBoosting,1937,485,8.712512267875802,11.071854972541548,-1.0872374580855841
问题一_空间时滞温度预测,5#风箱平均温度,local_lag_RandomForest,1937,485,9.038632574271409,11.820115399499498,-1.378890852820215
问题一_空间时滞温度预测,5#风箱平均温度,neighbor_lag_Ridge,1937,485,10.748075532178598,14.717225920220653,-2.687932780182841
问题一_空间时滞温度预测,5#风箱平均温度,neighbor_lag_GradientBoosting,1937,485,7.5654835768915945,9.860991306165124,-0.6556641116356083
问题一_空间时滞温度预测,5#风箱平均温度,neighbor_lag_RandomForest,1937,485,7.9061310105402995,10.113268980658066,-0.7414627917968459
问题一_空间时滞温度预测,5#风箱平均温度,global_lag_Ridge,1937,485,11.2109654877166,17.432252501827197,-4.174139089650769
问题一_空间时滞温度预测,5#风箱平均温度,global_lag_GradientBoosting,1937,485,6.311112725337406,8.134697725449014,-0.1267146021526977
问题一_空间时滞温度预测,5#风箱平均温度,global_lag_RandomForest,1937,485,7.007744070649651,9.042581408829223,-0.39224586888297774
问题一_空间时滞温度预测,5#风箱平均温度,state_neighbor_lag_Ridge,1937,485,1.7465464230942107,2.3244898872712896,0.9080003012031308
问题一_空间时滞温度预测,5#风箱平均温度,state_neighbor_lag_GradientBoosting,1937,485,1.7056817537442492,2.3008121127654744,0.9098650144580254
问题一_空间时滞温度预测,5#风箱平均温度,state_neighbor_lag_RandomForest,1937,485,1.7489663672621003,2.340785496247261,0.9067058700317333
问题一_空间时滞温度预测,6#风箱平均温度,local_lag_Ridge,1937,485,2.2927692788388887,3.152894174350771,-0.32452976930894395
问题一_空间时滞温度预测,6#风箱平均温度,local_lag_GradientBoosting,1937,485,2.2096502621330276,3.0352310926745933,-0.22751401810890348
问题一_空间时滞温度预测,6#风箱平均温度,local_lag_RandomForest,1937,485,2.337871823462564,3.10587726994867,-0.28532074279731634
问题一_空间时滞温度预测,6#风箱平均温度,neighbor_lag_Ridge,1937,485,2.650179304738457,3.6654756163700863,-0.7902084601284716
问题一_空间时滞温度预测,6#风箱平均温度,neighbor_lag_GradientBoosting,1937,485,2.3399300645710426,3.1919481640136627,-0.3575461282505801
问题一_空间时滞温度预测,6#风箱平均温度,neighbor_lag_RandomForest,1937,485,2.434273002352557,3.2686356167522264,-0.42356057846842043
问题一_空间时滞温度预测,6#风箱平均温度,global_lag_Ridge,1937,485,3.017535242027112,4.6241120408048975,-1.8490471214637418
问题一_空间时滞温度预测,6#风箱平均温度,global_lag_GradientBoosting,1937,485,2.205199684695519,3.0301068036216674,-0.22337276709408393
问题一_空间时滞温度预测,6#风箱平均温度,global_lag_RandomForest,1937,485,2.266121186555062,3.078888173744169,-0.26307973252658834
问题一_空间时滞温度预测,6#风箱平均温度,state_neighbor_lag_Ridge,1937,485,0.5558660760012111,0.9123426865157966,0.889093008256234
问题一_空间时滞温度预测,6#风箱平均温度,state_neighbor_lag_GradientBoosting,1937,485,0.6093164903926281,0.9824816171750665,0.8713849467252985
问题一_空间时滞温度预测,6#风箱平均温度,state_neighbor_lag_RandomForest,1937,485,0.6017171904347595,0.9691244565618523,0.874858302296273
问题一_空间时滞温度预测,7#风箱平均温度,local_lag_Ridge,1937,485,1.7991307094018523,2.6621915741630557,-0.14265363423531907
问题一_空间时滞温度预测,7#风箱平均温度,local_lag_GradientBoosting,1937,485,1.8029906115573475,2.7182262060479303,-0.19126172000987607
问题一_空间时滞温度预测,7#风箱平均温度,local_lag_RandomForest,1937,485,1.8781353844782398,2.7516763853268156,-0.22076117812220697
问题一_空间时滞温度预测,7#风箱平均温度,neighbor_lag_Ridge,1937,485,1.8006988269452613,2.6751302914833675,-0.1537876187875964
问题一_空间时滞温度预测,7#风箱平均温度,neighbor_lag_GradientBoosting,1937,485,1.8210654374019184,2.705484315544665,-0.1801196375872769
问题一_空间时滞温度预测,7#风箱平均温度,neighbor_lag_RandomForest,1937,485,1.9145019177969311,2.790422563210125,-0.2553821407776691
问题一_空间时滞温度预测,7#风箱平均温度,global_lag_Ridge,1937,485,2.0264862866701496,3.071839619259327,-0.521363774638075
问题一_空间时滞温度预测,7#风箱平均温度,global_lag_GradientBoosting,1937,485,1.8555974768970516,2.657091111224488,-0.13827943396379339
问题一_空间时滞温度预测,7#风箱平均温度,global_lag_RandomForest,1937,485,1.8670888907954586,2.7165264474517183,-0.1897723485561711
问题一_空间时滞温度预测,7#风箱平均温度,state_neighbor_lag_Ridge,1937,485,0.340825234222287,0.8371990388190969,0.8869960984131781
问题一_空间时滞温度预测,7#风箱平均温度,state_neighbor_lag_GradientBoosting,1937,485,0.47667012014471927,1.157924235823139,0.7838295711647136
问题一_空间时滞温度预测,7#风箱平均温度,state_neighbor_lag_RandomForest,1937,485,0.424898853785689,1.1289334354563796,0.7945185283487577
问题一_空间时滞温度预测,8#风箱平均温度,local_lag_Ridge,1937,485,1.7864563455847169,3.0215581880043603,-0.030054091543421757
问题一_空间时滞温度预测,8#风箱平均温度,local_lag_GradientBoosting,1937,485,1.8018903906172328,3.0644689821927487,-0.059518555647826155
问题一_空间时滞温度预测,8#风箱平均温度,local_lag_RandomForest,1937,485,1.871848177903263,3.1226055811609483,-0.10010052129001279
问题一_空间时滞温度预测,8#风箱平均温度,neighbor_lag_Ridge,1937,485,1.8037305902839635,3.0297624855225145,-0.03565540240970955
问题一_空间时滞温度预测,8#风箱平均温度,neighbor_lag_GradientBoosting,1937,485,1.7791042755115687,3.0491537587792084,-0.048954757853985065
问题一_空间时滞温度预测,8#风箱平均温度,neighbor_lag_RandomForest,1937,485,1.8659159817856659,3.1123923913002782,-0.09291603319857344
问题一_空间时滞温度预测,8#风箱平均温度,global_lag_Ridge,1937,485,2.0870542694820537,3.2449603248951338,-0.188001228199282
问题一_空间时滞温度预测,8#风箱平均温度,global_lag_GradientBoosting,1937,485,1.7499677811151806,3.001025555675056,-0.016102441140646295
问题一_空间时滞温度预测,8#风箱平均温度,global_lag_RandomForest,1937,485,1.7994301520581342,3.036321724922278,-0.04014451010434894
问题一_空间时滞温度预测,8#风箱平均温度,state_neighbor_lag_Ridge,1937,485,0.3867976491204273,1.1831869051972252,0.842055387650572
问题一_空间时滞温度预测,8#风箱平均温度,state_neighbor_lag_GradientBoosting,1937,485,0.536474180020084,1.6294161787533428,0.7004549442213379
问题一_空间时滞温度预测,8#风箱平均温度,state_neighbor_lag_RandomForest,1937,485,0.46380985791601886,1.5753709218542378,0.7199963083222514
问题一_空间时滞温度预测,9#风箱平均温度,local_lag_Ridge,1937,485,2.870155788386686,5.546701483274455,0.024746018834405303
问题一_空间时滞温度预测,9#风箱平均温度,local_lag_GradientBoosting,1937,485,2.9686360487406764,5.591915715190615,0.008781546021503273
问题一_空间时滞温度预测,9#风箱平均温度,local_lag_RandomForest,1937,485,2.977676432864502,5.599228310525396,0.0061874014759879525
问题一_空间时滞温度预测,9#风箱平均温度,neighbor_lag_Ridge,1937,485,2.778552478936123,4.842004701405573,0.2568122221497986
问题一_空间时滞温度预测,9#风箱平均温度,neighbor_lag_GradientBoosting,1937,485,2.8873565140771005,5.472985912871537,0.05049598426758328
问题一_空间时滞温度预测,9#风箱平均温度,neighbor_lag_RandomForest,1937,485,2.9453708358281943,5.482144754642223,0.04731540470936102
问题一_空间时滞温度预测,9#风箱平均温度,global_lag_Ridge,1937,485,3.2011437977776636,5.78709669342193,-0.061621298509916045
问题一_空间时滞温度预测,9#风箱平均温度,global_lag_GradientBoosting,1937,485,3.0007178264351158,5.69021234768902,-0.02637270180935647
问题一_空间时滞温度预测,9#风箱平均温度,global_lag_RandomForest,1937,485,2.8308801931714136,5.344184625482074,0.09466136978993289
问题一_空间时滞温度预测,9#风箱平均温度,state_neighbor_lag_Ridge,1937,485,0.6932803274776089,1.9774164610864873,0.8760505980899476
问题一_空间时滞温度预测,9#风箱平均温度,state_neighbor_lag_GradientBoosting,1937,485,0.9291837806286829,2.9463063612181197,0.7248281826572591
问题一_空间时滞温度预测,9#风箱平均温度,state_neighbor_lag_RandomForest,1937,485,0.8930217713423106,2.87147815063632,0.7386279300347834
问题一_空间时滞温度预测,10#风箱平均温度,local_lag_Ridge,1937,485,6.2943354288220865,11.611172541916151,0.09872297164687238
问题一_空间时滞温度预测,10#风箱平均温度,local_lag_GradientBoosting,1937,485,6.53495586306434,11.742683186239201,0.07819123698800556
问题一_空间时滞温度预测,10#风箱平均温度,local_lag_RandomForest,1937,485,6.827469710901977,12.165481174672816,0.010616355968168123
问题一_空间时滞温度预测,10#风箱平均温度,neighbor_lag_Ridge,1937,485,6.3420711102975815,10.107040785786252,0.3171046098941941
问题一_空间时滞温度预测,10#风箱平均温度,neighbor_lag_GradientBoosting,1937,485,6.51289389995116,11.771413413834733,0.07367503342604109
问题一_空间时滞温度预测,10#风箱平均温度,neighbor_lag_RandomForest,1937,485,6.737277874606547,12.078769925098705,0.024670045746780334
问题一_空间时滞温度预测,10#风箱平均温度,global_lag_Ridge,1937,485,7.244877974702248,13.566476280440622,-0.23038283647704727
问题一_空间时滞温度预测,10#风箱平均温度,global_lag_GradientBoosting,1937,485,6.866835213362121,13.2027173781617,-0.16528672230295438
问题一_空间时滞温度预测,10#风箱平均温度,global_lag_RandomForest,1937,485,6.384749897113955,12.66411762239392,-0.07215114959410185
问题一_空间时滞温度预测,10#风箱平均温度,state_neighbor_lag_Ridge,1937,485,1.3675388317230857,3.024969786302212,0.9388286272000403
问题一_空间时滞温度预测,10#风箱平均温度,state_neighbor_lag_GradientBoosting,1937,485,2.313654954756995,7.581398502212664,0.6157580348494497
问题一_空间时滞温度预测,10#风箱平均温度,state_neighbor_lag_RandomForest,1937,485,1.9693861513672077,6.610527967740244,0.7078684664991277
问题一_空间时滞温度预测,11#风箱平均温度,local_lag_Ridge,1937,485,19.806041926668122,28.486940247499394,0.04327214518771605
问题一_空间时滞温度预测,11#风箱平均温度,local_lag_GradientBoosting,1937,485,18.70029570267204,27.584122086355592,0.10295311618789438
问题一_空间时滞温度预测,11#风箱平均温度,local_lag_RandomForest,1937,485,18.896858987772436,27.71042355143327,0.09471955928450915
问题一_空间时滞温度预测,11#风箱平均温度,neighbor_lag_Ridge,1937,485,20.249765557601478,30.624237422325848,-0.10567470817627367
问题一_空间时滞温度预测,11#风箱平均温度,neighbor_lag_GradientBoosting,1937,485,18.711863826587585,27.506502538419706,0.10799445185196055
问题一_空间时滞温度预测,11#风箱平均温度,neighbor_lag_RandomForest,1937,485,19.007034779430686,27.982750358663033,0.07683866760304925
问题一_空间时滞温度预测,11#风箱平均温度,global_lag_Ridge,1937,485,27.339868317153577,60.156133818243745,-3.2663515895109176
问题一_空间时滞温度预测,11#风箱平均温度,global_lag_GradientBoosting,1937,485,19.511553749892865,30.373617018614723,-0.08765167866938905
问题一_空间时滞温度预测,11#风箱平均温度,global_lag_RandomForest,1937,485,18.967289603307933,29.986619523959902,-0.0601121885167899
问题一_空间时滞温度预测,11#风箱平均温度,state_neighbor_lag_Ridge,1937,485,5.38567344968594,8.795081014974663,0.9088038513579886
问题一_空间时滞温度预测,11#风箱平均温度,state_neighbor_lag_GradientBoosting,1937,485,6.886881443820218,14.847166413634104,0.7401133554572816
问题一_空间时滞温度预测,11#风箱平均温度,state_neighbor_lag_RandomForest,1937,485,6.714564776924464,15.339401371565396,0.7225954168789482
问题一_空间时滞温度预测,12#风箱平均温度,local_lag_Ridge,1937,485,45.030112383034286,63.85702123232763,-0.4863724799049338
问题一_空间时滞温度预测,12#风箱平均温度,local_lag_GradientBoosting,1937,485,37.5572447025326,49.071267527532434,0.12226200932798359
问题一_空间时滞温度预测,12#风箱平均温度,local_lag_RandomForest,1937,485,37.93678635337664,50.3766539915058,0.07494196316349899
问题一_空间时滞温度预测,12#风箱平均温度,neighbor_lag_Ridge,1937,485,48.010038303385834,81.25615066708224,-1.4067048510573184
问题一_空间时滞温度预测,12#风箱平均温度,neighbor_lag_GradientBoosting,1937,485,36.4783382898473,47.63825121208103,0.17277821247179792
问题一_空间时滞温度预测,12#风箱平均温度,neighbor_lag_RandomForest,1937,485,38.11337930402091,50.44288483085979,0.07250799266821017
问题一_空间时滞温度预测,12#风箱平均温度,global_lag_Ridge,1937,485,64.55474538091049,141.4742582963951,-6.295670231446422
问题一_空间时滞温度预测,12#风箱平均温度,global_lag_GradientBoosting,1937,485,35.917668374471184,46.51099506057156,0.21146385419646807
问题一_空间时滞温度预测,12#风箱平均温度,global_lag_RandomForest,1937,485,36.67515466113057,46.924806342073644,0.19737012296454293
问题一_空间时滞温度预测,12#风箱平均温度,state_neighbor_lag_Ridge,1937,485,13.238310258443034,18.464867130288127,0.8757195784452583
问题一_空间时滞温度预测,12#风箱平均温度,state_neighbor_lag_GradientBoosting,1937,485,13.64410031053171,20.515156354808756,0.8465877616848694
问题一_空间时滞温度预测,12#风箱平均温度,state_neighbor_lag_RandomForest,1937,485,13.492312147121284,21.127088366451414,0.837299217555236
问题一_空间时滞温度预测,13#风箱平均温度,local_lag_Ridge,1937,485,62.198293547743944,97.00303535979185,-1.1050478507173187
问题一_空间时滞温度预测,13#风箱平均温度,local_lag_GradientBoosting,1937,485,45.138915744218835,56.46562725631912,0.2867206714945142
问题一_空间时滞温度预测,13#风箱平均温度,local_lag_RandomForest,1937,485,46.97353441474643,58.48540737247386,0.23477991136036258
问题一_空间时滞温度预测,13#风箱平均温度,neighbor_lag_Ridge,1937,485,60.8100340012765,90.24803642455227,-0.8220775077432305
问题一_空间时滞温度预测,13#风箱平均温度,neighbor_lag_GradientBoosting,1937,485,43.66474521098045,54.10864724925502,0.3450250702698944
问题一_空间时滞温度预测,13#风箱平均温度,neighbor_lag_RandomForest,1937,485,44.09056985696636,54.3942979367942,0.33809132113705964
问题一_空间时滞温度预测,13#风箱平均温度,global_lag_Ridge,1937,485,82.89962887324675,185.39129709491266,-6.689002641796968
问题一_空间时滞温度预测,13#风箱平均温度,global_lag_GradientBoosting,1937,485,36.55420625588033,45.46067584635896,0.5376582633686939
问题一_空间时滞温度预测,13#风箱平均温度,global_lag_RandomForest,1937,485,39.534836536698606,48.929025631929406,0.4644198669678654
问题一_空间时滞温度预测,13#风箱平均温度,state_neighbor_lag_Ridge,1937,485,19.89407929883127,26.416675766696088,0.8438839135902078
问题一_空间时滞温度预测,13#风箱平均温度,state_neighbor_lag_GradientBoosting,1937,485,18.8098859308181,23.616086428104698,0.8752308595528043
问题一_空间时滞温度预测,13#风箱平均温度,state_neighbor_lag_RandomForest,1937,485,18.869472316340367,23.58496587574551,0.8755594767609924
问题一_空间时滞温度预测,14#风箱平均温度,local_lag_Ridge,1937,485,41.45782094164151,52.17105566538397,0.1068335473358244
问题一_空间时滞温度预测,14#风箱平均温度,local_lag_GradientBoosting,1937,485,35.59020360968579,43.65360579829185,0.3746640479060014
问题一_空间时滞温度预测,14#风箱平均温度,local_lag_RandomForest,1937,485,34.794225918153366,43.58877385503033,0.37652009800933994
问题一_空间时滞温度预测,14#风箱平均温度,neighbor_lag_Ridge,1937,485,44.94726819846455,72.00976970859783,-0.7015942032198952
问题一_空间时滞温度预测,14#风箱平均温度,neighbor_lag_GradientBoosting,1937,485,33.40106592440174,42.45203474881654,0.4086151761541442
问题一_空间时滞温度预测,14#风箱平均温度,neighbor_lag_RandomForest,1937,485,33.64264577696119,42.81967866835336,0.39832777843026057
问题一_空间时滞温度预测,14#风箱平均温度,global_lag_Ridge,1937,485,64.9750352121978,148.64820712029078,-6.25090982718612
问题一_空间时滞温度预测,14#风箱平均温度,global_lag_GradientBoosting,1937,485,29.761503215169242,37.70732227218777,0.5334216973964853
问题一_空间时滞温度预测,14#风箱平均温度,global_lag_RandomForest,1937,485,31.268402833392408,40.08545578688658,0.4727133140813208
问题一_空间时滞温度预测,14#风箱平均温度,state_neighbor_lag_Ridge,1937,485,16.224385091108783,21.61242506177907,0.8467218838191213
问题一_空间时滞温度预测,14#风箱平均温度,state_neighbor_lag_GradientBoosting,1937,485,15.223858205667096,19.32293855974146,0.8774764703926483
问题一_空间时滞温度预测,14#风箱平均温度,state_neighbor_lag_RandomForest,1937,485,15.340385289153737,19.467609008961198,0.8756349399887332
问题一_空间时滞温度预测,15#风箱平均温度,local_lag_Ridge,1937,485,21.531100412223363,31.80897268980262,0.13324369797557623
问题一_空间时滞温度预测,15#风箱平均温度,local_lag_GradientBoosting,1937,485,19.926445866376046,26.91783868169206,0.37930521908341797
问题一_空间时滞温度预测,15#风箱平均温度,local_lag_RandomForest,1937,485,20.882113783966027,28.77526022554457,0.2906897412030184
问题一_空间时滞温度预测,15#风箱平均温度,neighbor_lag_Ridge,1937,485,23.08815175532651,32.11872504875392,0.11628074694983759
问题一_空间时滞温度预测,15#风箱平均温度,neighbor_lag_GradientBoosting,1937,485,19.708335679899427,27.170698028243045,0.36758914888490024
问题一_空间时滞温度预测,15#风箱平均温度,neighbor_lag_RandomForest,1937,485,19.555222391160225,27.597801763272706,0.34755079990482096
问题一_空间时滞温度预测,15#风箱平均温度,global_lag_Ridge,1937,485,34.83575938641663,75.65708774372096,-3.903395922827211
问题一_空间时滞温度预测,15#风箱平均温度,global_lag_GradientBoosting,1937,485,17.706352667173242,24.722530560693304,0.476419376033019
问题一_空间时滞温度预测,15#风箱平均温度,global_lag_RandomForest,1937,485,18.67134221461594,27.089421326575458,0.37136699737993684
问题一_空间时滞温度预测,15#风箱平均温度,state_neighbor_lag_Ridge,1937,485,7.124253721690179,9.96863559760798,0.9148726404312859
问题一_空间时滞温度预测,15#风箱平均温度,state_neighbor_lag_GradientBoosting,1937,485,8.064492757291779,12.711140899114149,0.8615902172276365
问题一_空间时滞温度预测,15#风箱平均温度,state_neighbor_lag_RandomForest,1937,485,8.357120557249061,13.169117013178182,0.851436872087223
问题一_空间时滞温度预测,16#风箱平均温度,local_lag_Ridge,1937,485,15.199313986214491,25.248632580282084,0.07869980618173666
问题一_空间时滞温度预测,16#风箱平均温度,local_lag_GradientBoosting,1937,485,14.431227704961424,22.108030001755495,0.29364092677460474
问题一_空间时滞温度预测,16#风箱平均温度,local_lag_RandomForest,1937,485,14.66254492285992,22.69985450892355,0.2553167510394284
问题一_空间时滞温度预测,16#风箱平均温度,neighbor_lag_Ridge,1937,485,15.249223035877655,24.817431337673753,0.10989939645533875
问题一_空间时滞温度预测,16#风箱平均温度,neighbor_lag_GradientBoosting,1937,485,14.568613069426444,22.32400603742833,0.2797724993716447
问题一_空间时滞温度预测,16#风箱平均温度,neighbor_lag_RandomForest,1937,485,14.722505135351856,22.757316508702957,0.25154182386209456
问题一_空间时滞温度预测,16#风箱平均温度,global_lag_Ridge,1937,485,19.67527365628685,34.95115158234838,-0.7654215220999583
问题一_空间时滞温度预测,16#风箱平均温度,global_lag_GradientBoosting,1937,485,13.474164152263908,21.049740024016568,0.35964779342782116
问题一_空间时滞温度预测,16#风箱平均温度,global_lag_RandomForest,1937,485,13.965628833224361,22.252411342747095,0.2843847345091409
问题一_空间时滞温度预测,16#风箱平均温度,state_neighbor_lag_Ridge,1937,485,6.373441427861272,10.47591885351326,0.8413976240592047
问题一_空间时滞温度预测,16#风箱平均温度,state_neighbor_lag_GradientBoosting,1937,485,7.264071255014005,14.203084071075581,0.7084649651564996
问题一_空间时滞温度预测,16#风箱平均温度,state_neighbor_lag_RandomForest,1937,485,7.5614303952337725,14.478971054185795,0.6970291556142472
问题一_空间时滞温度预测,17#风箱平均温度,local_lag_Ridge,1937,485,16.05869519161179,26.96820891682064,0.0016229606005512265
问题一_空间时滞温度预测,17#风箱平均温度,local_lag_GradientBoosting,1937,485,15.115307626509804,23.788197645894012,0.223192422754789
问题一_空间时滞温度预测,17#风箱平均温度,local_lag_RandomForest,1937,485,14.871570650224582,24.080979928247384,0.2039530399973578
问题一_空间时滞温度预测,17#风箱平均温度,neighbor_lag_Ridge,1937,485,15.979205139358623,26.46730599080382,0.03836590402023954
问题一_空间时滞温度预测,17#风箱平均温度,neighbor_lag_GradientBoosting,1937,485,14.802023281146726,23.178353269785617,0.2625110247723792
问题一_空间时滞温度预测,17#风箱平均温度,neighbor_lag_RandomForest,1937,485,14.468585958471042,23.514710835811375,0.24095126327667393
问题一_空间时滞温度预测,17#风箱平均温度,global_lag_Ridge,1937,485,18.534006639623943,29.575986607260642,-0.20079496597832946
问题一_空间时滞温度预测,17#风箱平均温度,global_lag_GradientBoosting,1937,485,14.514886923733092,22.249431972815803,0.3204393350477508
问题一_空间时滞温度预测,17#风箱平均温度,global_lag_RandomForest,1937,485,14.199142121455724,22.68241050346897,0.2937332045576818
问题一_空间时滞温度预测,17#风箱平均温度,state_neighbor_lag_Ridge,1937,485,6.924500301161783,12.458534073265158,0.7869290386505083
问题一_空间时滞温度预测,17#风箱平均温度,state_neighbor_lag_GradientBoosting,1937,485,7.935666574327171,16.940380720012758,0.6060539867723396
问题一_空间时滞温度预测,17#风箱平均温度,state_neighbor_lag_RandomForest,1937,485,7.898531253059065,17.042178189617363,0.6013051915973066
问题一_空间时滞温度预测,18#风箱平均温度,local_lag_Ridge,1937,485,15.368247287910364,28.24110307027488,-0.027228498164918902
问题一_空间时滞温度预测,18#风箱平均温度,local_lag_GradientBoosting,1937,485,14.113957013503157,27.36206108295018,0.03572398616382788
问题一_空间时滞温度预测,18#风箱平均温度,local_lag_RandomForest,1937,485,14.527128868598542,27.865536238806957,-8.878621529029296e-05
问题一_空间时滞温度预测,18#风箱平均温度,neighbor_lag_Ridge,1937,485,13.180835485787638,23.264102832840994,0.30293004300633464
问题一_空间时滞温度预测,18#风箱平均温度,neighbor_lag_GradientBoosting,1937,485,11.730749942400504,18.905450437235963,0.5396609615687957
问题一_空间时滞温度预测,18#风箱平均温度,neighbor_lag_RandomForest,1937,485,11.92974153553901,20.496789416898416,0.4589026260965582
问题一_空间时滞温度预测,18#风箱平均温度,global_lag_Ridge,1937,485,14.234190330521143,23.042357071749088,0.3161551944857319
问题一_空间时滞温度预测,18#风箱平均温度,global_lag_GradientBoosting,1937,485,11.424466768612525,18.1590920073316,0.5752904702293213
问题一_空间时滞温度预测,18#风箱平均温度,global_lag_RandomForest,1937,485,12.379513697503366,20.12678074274742,0.4782621084826555
问题一_空间时滞温度预测,18#风箱平均温度,state_neighbor_lag_Ridge,1937,485,4.455877892223535,9.349596471624539,0.8874126798424682
问题一_空间时滞温度预测,18#风箱平均温度,state_neighbor_lag_GradientBoosting,1937,485,4.662142901629204,10.51563477541616,0.8575787688484929
问题一_空间时滞温度预测,18#风箱平均温度,state_neighbor_lag_RandomForest,1937,485,5.237042291657801,12.239471056003323,0.8070569910688301
问题二_CO调控预测,烧结大烟道外排CO浓度,raw_lag0_LinearRegression,1953,489,593.3002136297439,1515.3937250105382,-8.371766357931701
问题二_CO调控预测,烧结大烟道外排CO浓度,raw_lag0_Ridge,1953,489,436.27764135154126,645.2794631141558,-0.6992847910589863
问题二_CO调控预测,烧结大烟道外排CO浓度,raw_lag0_GradientBoosting,1953,489,392.90575033261405,517.4142496439306,-0.09256492448051334
问题二_CO调控预测,烧结大烟道外排CO浓度,raw_lag0_RandomForest,1953,489,383.5616407766202,504.2621393999979,-0.037727218175977795
问题二_CO调控预测,烧结大烟道外排CO浓度,raw_lag5_10_20_LinearRegression,1937,485,719.2152437272746,1622.0427886107882,-9.677034098686134
问题二_CO调控预测,烧结大烟道外排CO浓度,raw_lag5_10_20_Ridge,1937,485,510.2563822487729,741.7786929923352,-1.2329280305450534
问题二_CO调控预测,烧结大烟道外排CO浓度,raw_lag5_10_20_GradientBoosting,1937,485,402.98618046548586,528.9167413363493,-0.13527387487130582
问题二_CO调控预测,烧结大烟道外排CO浓度,raw_lag5_10_20_RandomForest,1937,485,424.679247301824,553.9353937518473,-0.2452147241294984
问题二_CO调控预测,烧结大烟道外排CO浓度,filtered_lag0_LinearRegression,1939,485,462.59713152006685,764.8376974104625,-1.37391184513316
问题二_CO调控预测,烧结大烟道外排CO浓度,filtered_lag0_Ridge,1939,485,413.604959096838,552.937183062181,-0.24073092796787932
问题二_CO调控预测,烧结大烟道外排CO浓度,filtered_lag0_GradientBoosting,1939,485,368.1196232290146,475.62218885085866,0.08198404081690336
问题二_CO调控预测,烧结大烟道外排CO浓度,filtered_lag0_RandomForest,1939,485,375.5156835240391,492.6674073210108,0.015005781845637611
问题二_CO调控预测,烧结大烟道外排CO浓度,filtered_lag5_10_20_LinearRegression,1923,481,573.107996617001,1029.539967361982,-3.2715137660101252
问题二_CO调控预测,烧结大烟道外排CO浓度,filtered_lag5_10_20_Ridge,1923,481,436.2396388317502,593.2624723871263,-0.41836871439262135
问题二_CO调控预测,烧结大烟道外排CO浓度,filtered_lag5_10_20_GradientBoosting,1923,481,378.306843208963,478.0312123694174,0.07910970312576593
问题二_CO调控预测,烧结大烟道外排CO浓度,filtered_lag5_10_20_RandomForest,1923,481,384.5375931586144,492.4137472180852,0.022862396373368843
问题二_CO监测预测,烧结大烟道外排CO浓度,filtered_monitor_lag1_5_10_LinearRegression,1923,481,206.83481856594108,413.18344555040414,0.3120114436664788
问题二_CO监测预测,烧结大烟道外排CO浓度,filtered_monitor_lag1_5_10_Ridge,1923,481,143.05877855964383,237.58818297915863,0.7725190355080975
问题二_CO监测预测,烧结大烟道外排CO浓度,filtered_monitor_lag1_5_10_GradientBoosting,1923,481,142.8251828123156,238.0353425957484,0.7716619556450858
问题二_CO监测预测,烧结大烟道外排CO浓度,filtered_monitor_lag1_5_10_RandomForest,1923,481,114.19701347995603,200.4825312926294,0.8380248231528344
